name,genres,filename,actors,language
film1,"type1,type5",film1.mp4,"actor1,actor2",lang3
film2,"type2,type4",film2.mp4,"actor1,actor4",lang5
film3,"type4,type3",film3.mp4,"actor2,actor4",lang1
film4,"type5,type2",film4.mp4,"actor2,actor3",lang2
film5,"type1,type2",film5.mp4,"actor3,actor5",lang4
film6,"type3,type1",film6.mp4,"actor3,actor1",lang1
film7,"type4,type5",film7.mp4,"actor4,actor3",lang3
film8,"type2,type4",film8.mp4,"actor4,actor5",lang4
film9,"type3,type1",film9.mp4,"actor5,actor2",lang2
film0,"type5,type3",film0.mp4,"actor5,actor1",lang5
